,Label
2901,0
1034,0
3496,0
1821,0
2103,0
1704,0
906,0
1116,0
3747,0
412,0
3737,0
1643,1
2802,0
3150,0
3304,2
3239,0
2945,0
2998,0
1149,0
1234,0
2385,0
1630,0
3433,0
2961,0
2288,0
2744,0
1504,0
3099,0
1153,0
484,0
477,0
276,0
1869,0
2988,0
2981,0
1725,0
1456,0
2838,0
3086,0
764,0
1393,0
2172,0
2062,0
2771,0
1706,0
3407,2
1521,0
1799,0
1462,0
1967,0
3359,0
952,0
3696,0
2853,0
3415,0
3448,0
2504,0
1114,0
2550,0
3206,0
1311,0
1129,0
240,0
578,0
1297,0
690,0
267,0
3872,0
1597,0
388,0
3322,1
1817,0
1952,0
150,0
1891,0
2718,1
1347,1
2366,0
1758,0
1057,0
2056,0
2123,0
2806,0
1518,0
626,0
800,0
1762,0
2905,0
822,0
886,0
627,0
2030,2
1924,0
1074,0
1163,1
2301,0
1457,0
569,1
3592,0
2792,2
2431,0
3104,0
1269,1
1954,0
3266,0
2265,2
3370,0
476,0
3897,0
2437,1
2346,0
3332,1
646,0
1160,0
1945,0
2708,0
1431,0
1211,1
743,0
1509,0
816,0
3215,0
2908,0
801,0
1629,0
888,1
1520,0
2986,0
3169,0
104,0
1068,0
333,0
516,0
2269,0
343,2
2764,0
414,0
740,2
1837,0
2046,0
1753,0
3911,0
1765,0
1196,0
3695,0
335,0
644,0
3865,0
205,0
1622,0
179,0
1700,0
790,0
797,0
582,0
3724,0
1176,0
1989,0
1027,0
1579,0
151,2
3499,0
2155,0
2679,0
994,0
2618,0
3763,1
1864,0
2751,0
824,0
2157,0
3148,0
3292,0
2399,1
1730,0
2567,0
2309,0
421,0
1451,0
62,0
2987,0
2754,0
2446,0
1618,0
1937,0
2181,0
432,0
2308,1
1736,0
2728,0
2243,0
3943,0
3412,0
1042,0
1863,0
2599,1
2124,0
2430,0
2458,0
130,0
2287,1
912,0
1158,0
3535,0
2168,0
1363,0
3575,0
2253,1
501,0
1101,0
1417,0
1062,1
1726,0
926,0
1785,2
1716,0
3074,1
3669,0
3727,0
3785,1
2445,0
3061,2
505,1
3188,0
3574,0
1605,0
1694,0
583,0
1205,0
2314,0
3714,0
2393,0
2789,0
3556,0
3386,0
1354,0
2020,0
2862,0
1162,0
68,2
202,0
2793,0
3416,0
1409,0
2522,0
3030,0
2066,0
1236,0
1481,2
1657,0
2342,0
3648,0
2574,0
1142,0
1783,0
2084,2
2324,0
258,1
3649,0
523,0
2967,0
3331,0
3422,0
1540,0
3952,2
2318,0
542,0
3692,0
2333,2
1253,0
2957,0
726,0
2335,0
2579,0
3688,2
2963,0
2003,0
1613,0
3825,0
352,0
2338,0
667,1
3844,0
3764,0
3306,1
550,0
3501,0
796,0
3725,0
117,0
1343,0
1632,0
2616,0
2811,0
681,0
2204,0
3532,0
2913,0
507,0
3735,0
3466,0
330,0
2779,0
3484,0
3038,0
199,0
3224,0
971,0
1796,0
3705,0
1453,2
2471,1
3777,0
1841,0
1497,2
1190,0
1244,0
3743,0
835,0
82,0
1465,0
1827,0
3674,0
1886,0
1410,0
669,2
793,0
1312,0
1125,0
2376,2
1331,0
803,0
3849,2
2983,0
3898,0
622,0
3213,0
3389,0
2510,0
3220,0
247,0
2954,0
1046,0
2747,0
496,0
907,0
2361,0
1402,0
3021,0
1484,0
1498,0
818,0
2323,0
1552,0
3781,0
3288,0
1204,0
699,0
269,0
3553,0
3470,0
2629,2
2703,0
387,0
1287,0
1660,0
2276,0
1130,0
1189,0
2672,0
2390,1
3722,0
3208,2
3760,0
3875,0
3139,0
725,0
80,0
1648,0
2263,1
396,0
265,0
959,2
2047,0
749,0
1474,2
331,2
1932,2
3236,0
3519,0
449,0
610,0
3832,0
2647,0
3798,0
2391,0
3120,0
748,0
194,0
3436,0
3822,0
2813,0
1885,0
1483,0
2260,0
1315,0
765,0
3806,0
3742,0
2884,0
3533,0
1739,0
922,0
555,0
987,0
962,0
2930,0
3149,0
3005,0
2752,0
3313,0
1121,0
1868,1
3080,0
700,0
1238,0
299,0
3550,0
3372,0
1996,0
2748,0
334,0
2226,0
450,0
1329,0
271,0
2419,0
3401,0
2631,0
2652,1
2467,0
3619,0
2488,0
2511,0
2432,0
358,2
1436,0
3454,0
2214,0
3920,0
1284,0
769,0
600,0
2150,0
2004,0
1674,0
161,1
3203,0
1564,0
1687,0
917,0
1327,0
2136,0
3756,0
2203,0
2596,0
3052,0
2382,0
3294,0
1430,2
772,0
1990,0
419,0
753,0
1902,0
934,0
2723,0
2644,0
3475,0
3505,0
1655,0
953,0
552,0
3404,1
3627,0
1178,0
1264,0
1915,2
3242,1
2005,0
2698,0
2733,0
3340,0
3001,0
3819,0
1975,0
739,0
1921,0
2628,0
782,0
1505,2
993,2
280,0
723,0
2675,0
2239,0
2210,0
3815,0
3245,0
260,0
948,0
3527,0
1850,2
1303,0
3598,0
1014,0
1384,0
1422,0
152,0
3268,2
1963,0
1169,0
3330,2
2980,1
2850,0
788,2
595,0
1445,0
63,0
2883,0
3936,0
3850,0
1577,0
638,0
1321,0
3039,0
2369,0
3507,0
3741,0
2209,0
3291,0
2877,0
985,0
185,0
1838,0
2985,0
2859,0
2910,0
734,1
2715,0
3240,0
2589,0
1043,0
2350,0
2497,0
3856,0
3707,0
131,0
1819,0
1830,0
1782,0
1918,0
3262,1
3439,0
3565,0
3019,0
695,2
950,0
3549,0
2776,0
60,1
235,0
2401,0
1006,0
3056,0
1503,0
2137,0
750,0
660,0
2499,0
2692,0
2235,0
1908,0
3207,0
1467,1
3946,2
823,0
3118,0
3701,0
820,0
2563,0
274,1
885,2
1133,0
1829,0
2085,0
1398,0
1122,0
323,0
2947,0
1328,0
938,0
2518,0
2846,2
1132,0
1690,0
1416,0
2920,1
2651,0
2638,0
3341,0
2443,0
1377,0
2468,0
492,0
3164,0
854,0
2713,0
1433,1
301,0
3601,0
3115,0
483,0
470,2
2557,0
2783,0
443,0
1075,0
2143,0
766,0
3657,0
1406,0
1441,2
805,1
3394,0
2002,0
546,0
3155,0
1713,0
1580,1
1380,0
1156,0
3078,0
1874,0
149,0
3917,1
3494,0
3275,0
1691,0
3023,0
3633,0
745,1
3424,0
354,0
1547,2
1771,0
456,2
1345,2
2836,0
1934,0
1024,0
288,2
3841,0
1523,0
1194,0
3399,2
3938,0
775,0
2111,0
2279,0
113,0
1478,0
2119,0
1862,0
986,0
2795,0
2827,0
3591,1
3607,0
3141,2
2719,0
1146,0
3513,0
437,1
1667,0
3243,0
1078,0
2122,0
2915,0
2363,0
1985,0
1313,0
200,0
2060,0
3684,0
1054,0
353,1
904,0
1200,0
1803,0
1255,0
2202,1
2091,0
3866,0
3663,0
756,0
1197,0
3708,0
2364,0
1350,0
178,0
1884,1
3457,0
939,0
2670,0
1929,0
871,0
3644,0
3676,0
2310,0
729,0
1684,0
856,0
3834,0
430,0
908,0
3630,0
3716,0
1243,0
1226,0
2396,0
1966,0
3365,0
2778,0
651,0
227,0
168,0
1959,0
498,0
1256,0
3905,2
3432,0
2332,0
2121,0
1000,0
1555,0
2448,0
3768,0
819,1
597,1
2720,0
3283,0
2024,0
2353,0
1575,2
3192,0
1392,0
3495,0
3133,0
3569,0
2316,0
865,0
1184,0
1977,0
1661,0
679,0
2398,0
1563,0
2242,0
1221,0
2565,0
899,0
3689,0
2027,0
2320,1
849,0
3384,1
1890,0
1592,0
678,0
711,0
1551,0
1210,0
1302,0
661,0
655,0
3482,1
2411,0
2880,0
997,1
1943,0
737,0
1446,0
1227,0
337,0
1529,1
3864,0
3568,0
1242,0
2974,0
2050,0
530,0
2952,0
1477,0
2213,0
2086,0
2367,0
3085,0
3652,0
731,0
1749,0
596,0
215,2
2788,0
1033,0
1468,0
598,0
2688,0
3285,0
3600,0
3049,0
2219,0
937,0
2931,2
241,0
2010,2
1804,0
455,0
1718,0
3480,0
2495,0
1995,0
3746,0
3027,0
1894,0
575,0
2643,0
2070,1
3827,0
602,0
3629,0
965,0
841,0
59,0
3854,0
1811,0
2586,0
3083,0
2078,0
3492,0
2893,0
876,0
2674,0
585,0
3837,0
1858,0
2904,0
1195,0
1259,0
3006,0
360,0
1944,0
3942,0
3603,1
2436,0
3816,0
3944,0
2972,0
423,0
1040,2
2476,0
3198,0
571,0
1692,0
2577,0
779,0
3125,0
2646,0
3305,0
245,0
3111,0
2477,0
1510,0
1063,0
2392,0
124,0
3921,2
573,0
3045,0
1317,0
2803,0
3057,0
3455,0
257,0
3031,0
2735,0
3447,0
482,0
1550,1
1172,0
2306,0
2775,0
3783,0
2330,0
2580,0
410,0
2374,0
547,1
1001,0
1281,0
1951,0
3110,0
3209,0
2890,0
1009,0
1067,2
742,0
3136,0
628,0
3901,0
3171,2
1344,0
674,0
463,2
2505,2
3059,0
212,0
1330,0
1780,0
2734,0
2189,0
1157,0
3929,0
2678,0
592,0
1212,0
961,0
3100,0
3610,1
3686,0
3586,0
973,0
394,0
2916,0
3829,0
683,0
554,0
2717,0
781,2
1401,0
964,0
3477,0
857,0
3167,0
2979,0
1088,0
3544,1
1572,0
2697,2
2102,1
1994,0
139,0
2285,0
3693,0
713,0
1217,0
1201,0
3092,0
2191,0
2847,0
2147,0
3174,0
2929,0
1727,0
1038,0
447,0
1843,0
3879,0
2812,0
1475,0
2634,0
1519,0
1936,0
489,0
540,0
1722,0
1155,0
3231,0
71,0
2061,2
86,0
1342,0
1299,0
2358,0
2233,1
293,0
2188,2
689,0
163,0
3067,0
3616,0
543,0
2512,0
1669,2
1792,0
3468,1
2025,0
2170,0
544,0
2721,0
3090,0
3162,0
913,1
2537,0
1559,0
3712,0
3517,0
1102,0
1166,0
3298,0
2761,0
1261,0
1290,0
1029,0
3428,0
2286,0
3719,0
3830,1
1055,0
3311,0
3687,0
2326,0
2741,0
3142,0
3770,2
2262,0
491,0
2668,0
3464,0
156,0
2536,0
2540,0
1832,0
1728,2
3223,0
475,1
3732,1
107,0
3766,0
3745,0
3301,0
3329,0
3053,0
2444,0
615,0
155,1
3796,0
2402,0
3346,0
3826,0
1759,0
327,0
1557,2
2386,0
2182,0
1182,0
1549,0
3514,0
1051,0
1898,0
3821,0
3249,0
691,0
2256,0
487,0
2622,0
632,0
451,0
3773,0
1715,0
2341,0
3702,1
3194,0
3509,0
3950,0
3801,0
290,0
3503,2
1094,0
2508,0
984,0
1919,0
369,0
3907,0
1513,0
103,0
441,0
3803,2
2926,0
3640,0
3068,0
285,0
1920,0
2379,0
1429,0
875,0
386,0
1420,0
159,0
2709,0
873,0
3440,1
193,0
604,2
1183,0
2281,2
721,0
2975,0
762,0
2368,0
3883,0
682,1
2117,0
3146,0
332,0
2192,0
1710,0
1415,0
1273,0
3584,0
1578,0
1931,0
138,0
2922,0
2743,0
3949,0
3554,0
1791,0
1407,0
2109,0
933,2
1320,0
3740,0
238,0
3182,0
1364,0
1992,0
3857,0
720,0
382,0
3771,0
617,0
1602,0
2607,0
1859,0
445,0
1634,0
2738,0
3715,0
2453,0
977,0
990,0
663,0
1664,1
73,0
3260,0
3320,0
471,0
754,0
3699,0
209,0
3135,0
1507,0
2063,0
1747,0
536,2
2339,2
1522,0
190,0
3177,0
3580,0
1365,0
1696,0
652,0
3062,0
1554,0
1872,0
3210,1
2354,0
2195,1
2798,0
2785,0
607,1
309,0
3368,0
1633,0
956,0
2604,0
2925,0
3547,0
1974,0
1900,0
76,2
2684,0
558,1
75,0
1797,2
402,0
657,0
3254,0
234,0
461,0
3130,0
3391,0
1987,0
1432,0
3222,0
2106,0
2040,0
2773,1
1775,0
1588,0
126,0
2845,0
3420,0
3189,0
640,0
1144,0
2141,0
714,0
1808,1
2009,0
3659,0
2791,0
2653,0
3711,0
3382,0
1021,0
520,0
562,0
2273,0
1037,0
2712,0
231,0
135,0
3041,2
3297,2
1939,0
2935,0
3429,0
685,0
1280,0
517,0
1437,0
3931,1
878,0
3521,0
2098,0
2480,0
845,0
593,0
1971,0
2267,0
539,0
794,1
564,0
2129,0
204,0
1258,0
827,2
3772,0
405,0
616,2
3088,0
2832,0
707,0
3040,0
3032,2
524,0
1993,0
1699,0
1493,0
746,0
3309,0
1340,1
3526,0
390,0
1301,2
944,0
1254,2
1942,0
1147,0
2019,2
3807,0
2055,0
1164,0
3325,0
3251,0
2427,0
92,0
1685,0
1272,0
3300,0
2435,0
519,0
1187,0
3896,0
3387,0
2438,0
3317,0
2542,0
1208,2
798,0
1686,0
3793,0
1848,0
3419,0
2072,0
1148,0
2241,0
1913,0
1366,0
840,0
1940,1
1544,0
237,0
799,0
2081,0
2035,0
3614,0
1569,0
931,0
3563,0
2074,0
415,2
1917,0
629,0
3413,0
1568,1
1840,0
1470,0
2413,0
1600,0
3500,0
2863,1
3873,0
3903,0
2912,2
2115,0
2635,0
1636,0
1930,0
852,0
2049,0
719,2
94,0
2551,0
3445,0
3024,0
310,0
1396,1
1209,0
162,0
2313,0
1927,0
3703,0
609,0
448,0
3878,0
119,0
3349,0
2007,0
2096,0
77,0
1567,0
1813,0
1378,0
2834,0
1925,0
3267,0
1440,0
3377,1
605,0
2726,0
1318,1
177,0
2282,0
115,0
1976,1
2620,0
2153,0
514,0
2212,0
3185,0
548,0
413,0
2484,0
668,0
2187,0
3308,0
812,0
2539,0
3757,0
3805,0
499,0
3013,0
1767,0
1582,0
1351,2
2145,0
2483,0
3511,0
2447,0
431,2
3378,0
2174,0
2553,0
2898,0
2523,0
488,0
66,0
2633,0
2011,0
2824,1
1435,0
144,0
243,0
3840,0
340,0
2201,0
173,0
941,0
1449,0
1403,0
3555,0
1539,0
1270,0
97,0
2701,0
920,0
404,0
3570,0
2781,2
256,0
970,1
579,0
1647,0
2876,0
2960,0
3638,0
955,0
861,0
1031,2
1447,0
3582,0
804,2
292,0
408,0
2415,0
2558,0
927,0
1459,0
2089,0
2772,0
2691,0
1308,0
3498,0
1495,1
112,0
2587,0
3539,0
2671,0
1624,0
2759,0
1275,0
3808,0
1587,0
1903,2
1899,0
2095,0
2732,0
2120,0
3453,0
1866,0
1806,0
3481,0
418,0
191,0
2828,0
384,0
1562,0
3658,0
381,0
3388,0
1798,0
3559,0
3788,0
3817,0
1174,2
102,0
3608,0
1800,0
1773,0
2705,0
1831,2
1617,0
3140,0
2907,1
2873,0
2297,0
3431,0
427,0
3438,0
2852,0
228,0
935,0
718,0
3170,0
84,0
361,0
3230,0
446,0
2071,0
780,0
1260,0
2036,0
2131,0
3518,1
1570,0
3014,2
1239,0
2667,0
356,0
2200,0
1145,1
3739,0
1368,0
635,0
1599,0
1496,0
613,0
395,1
880,0
3894,2
724,0
3196,0
2044,0
326,0
730,0
3528,2
3456,0
2325,2
3064,0
894,0
1611,0
2706,0
377,0
2663,1
2211,0
398,0
1185,0
2296,1
3779,2
3459,0
1882,0
2969,1
3273,0
3344,0
1828,0
891,0
3334,0
2814,0
518,0
1324,0
282,0
1658,0
914,0
988,0
2270,0
2222,0
2572,0
3070,0
2524,0
2220,0
1019,0
928,1
1439,0
1693,0
2702,0
3173,0
368,1
3835,0
3842,0
874,2
581,0
3577,0
1516,0
1543,0
1418,0
3002,0
2173,0
1104,0
1757,0
503,0
497,0
653,0
3380,2
1066,0
2896,0
291,0
2636,0
3759,0
1359,1
1235,1
465,0
2128,0
722,0
3175,0
589,0
3151,0
196,0
1836,0
3201,0
348,0
807,0
2835,0
1677,0
355,0
2293,2
207,0
1571,0
1653,0
2534,0
1098,0
1126,0
2865,0
2395,0
3018,1
2685,0
2953,0
236,1
2414,0
467,0
802,0
2144,0
2989,0
3058,0
3581,0
3919,0
3226,0
1421,0
3472,0
3091,0
658,2
1957,0
3106,0
2404,0
1278,0
1546,0
902,0
2349,0
1676,0
1746,0
853,0
2696,0
521,2
2866,0
767,0
1452,0
3605,0
2626,0
1136,0
1026,0
297,0
901,0
142,0
3655,0
1538,0
3434,0
3536,0
1448,1
3641,0
393,0
3643,0
3172,0
1534,0
3047,0
208,2
1860,2
1379,1
3681,0
1873,0
2059,0
1709,0
3044,0
3512,1
3713,0
2092,0
2348,0
3858,0
3892,0
1682,2
242,0
1388,2
1071,0
210,1
967,2
3562,0
3845,0
213,0
889,0
3272,0
2426,0
2911,0
1711,0
978,0
3443,2
407,0
2360,0
1681,0
1463,0
3147,0
3560,0
2597,0
867,0
3356,1
2481,0
3893,0
3852,0
1077,2
2494,0
636,0
1641,0
528,0
1585,0
621,0
1170,0
826,0
79,0
757,0
1386,0
1656,2
2704,1
1849,0
3557,1
526,0
2193,0
1373,0
2514,0
1537,0
308,0
1616,0
3887,0
2420,2
1358,0
1745,1
2356,0
2491,0
2746,0
133,0
2942,2
531,0
855,2
778,0
3761,2
2048,0
3269,0
349,0
3683,0
3690,0
2434,0
1603,0
3908,0
3682,1
3940,0
1230,0
85,1
1361,0
3048,1
385,2
3515,0
1883,0
3302,0
2498,1
918,0
3465,0
1584,0
225,0
2569,0
2650,0
3082,0
206,0
1035,1
1248,0
768,2
378,0
2042,0
111,0
367,0
1314,0
2507,0
224,0
2617,0
1870,0
129,1
123,2
3046,0
727,1
2978,0
1912,0
1120,0
3352,0
128,0
2077,0
1108,0
2268,0
1721,0
1695,0
2409,0
266,0
1499,0
1740,2
975,0
1428,0
3799,0
2861,0
1229,2
2624,0
3765,0
3403,0
2837,2
2496,0
2757,0
1165,0
2384,0
1610,0
462,0
370,0
3339,0
966,0
2856,0
2790,0
329,0
1896,0
3561,0
3461,0
1049,1
828,0
3347,0
2261,0
3786,0
3179,0
859,0
2064,0
3552,2
3506,0
2440,0
1143,0
3665,1
3437,2
1703,0
3392,1
1574,0
3813,0
3752,1
3054,0
1770,0
2946,0
1583,0
1219,0
2199,0
785,1
157,0
3430,0
838,0
1654,0
3874,0
2996,0
2387,0
3473,2
3774,1
2869,0
2760,0
3753,0
522,0
3381,0
2944,0
2737,0
1036,0
106,0
2787,0
3795,0
844,0
3229,0
741,0
460,0
344,0
2881,0
1689,0
662,0
3361,2
417,0
2958,0
2452,2
3660,0
744,0
2543,0
424,0
2724,0
3055,2
1553,0
879,0
3843,0
3280,0
2067,0
3664,0
1336,0
1112,0
1853,0
3345,0
2928,0
1897,1
1981,0
3868,0
3941,1
1017,0
1970,0
2139,2
90,0
2840,0
1637,0
1434,0
2317,0
3022,0
1895,0
1845,0
2919,0
2359,2
1352,0
2971,0
696,0
2486,0
2248,0
3604,2
3123,0
2515,0
932,0
249,0
2460,2
3166,0
1573,0
145,0
392,0
3685,0
114,1
2943,0
2662,0
3579,0
1852,0
472,0
2860,0
3487,0
2578,0
2372,0
637,0
3405,0
2582,0
2894,0
2984,0
560,0
881,0
154,0
1668,0
2767,0
763,0
2470,0
577,0
2176,0
923,0
648,0
2583,0
2132,1
2258,2
3089,0
2940,0
3924,0
601,0
364,0
3079,0
3697,0
2839,0
2362,1
3599,0
2294,0
1607,0
659,0
2186,1
563,2
945,0
2763,0
561,0
2630,0
1794,0
1650,0
1675,2
2965,0
2977,0
3246,0
2277,0
1662,0
1938,0
3134,0
2882,0
2134,0
2450,0
2695,0
2492,0
146,0
1469,0
3287,0
3286,0
612,0
1680,0
1443,0
2594,0
1566,0
3423,0
1333,0
587,0
3860,0
2425,0
603,0
380,0
2130,0
2661,0
716,0
1724,0
1528,0
980,0
1598,0
2278,0
3628,1
2319,0
751,0
3076,0
909,0
1842,0
425,0
623,0
850,0
3900,1
3353,0
1015,0
2602,0
203,0
1355,0
1127,0
1670,0
870,0
295,0
2639,0
2163,0
1729,0
3488,0
1786,0
860,0
1139,0
527,0
3651,0
169,0
2727,0
1533,0
2528,0
3016,0
1998,2
389,0
342,0
255,0
693,0
1215,0
3350,0
3314,0
1526,0
2234,0
905,0
2782,0
1576,0
3460,0
2934,0
2156,2
1812,0
649,0
670,0
671,0
3180,0
2079,1
3212,0
379,0
910,0
362,0
1948,0
1175,0
968,0
2637,0
1005,0
3073,0
3726,0
167,0
325,0
2487,0
1444,0
2118,0
3168,0
1072,0
3738,0
2228,0
1348,0
2347,0
3583,0
3153,0
2340,0
3393,0
2503,0
2885,0
3606,0
2822,0
811,1
3184,1
588,0
1926,0
1909,2
2247,0
1389,0
2799,0
351,0
442,0
1491,0
566,0
2194,0
1545,0
2959,0
2769,0
1512,0
981,0
2941,0
468,0
3400,0
2501,0
3318,0
1080,0
1527,0
599,0
2968,0
2693,0
3804,0
3307,0
2217,0
2041,0
3113,0
2786,1
3776,0
2549,1
1816,0
376,1
1382,0
1218,0
1279,0
2031,0
1425,0
2900,0
1304,0
2736,2
3138,0
705,0
3072,2
1283,0
3540,0
2257,0
3319,2
2745,0
457,0
3009,0
371,0
3020,0
1252,0
3585,0
2992,0
1823,0
1030,0
2012,0
1635,0
1323,0
3219,0
3060,0
3916,0
2215,0
198,1
3102,2
1397,0
960,0
1291,0
1631,0
2159,0
2026,0
3538,0
777,0
1173,0
647,0
1268,0
2054,0
2424,0
275,0
2014,1
1565,0
2017,0
3408,0
3595,0
1442,0
2254,0
2371,0
735,0
3618,0
538,0
3700,0
3653,0
153,0
3321,0
2932,0
311,0
783,0
3227,0
3534,0
1502,0
3486,0
3926,0
3205,0
3782,0
3923,0
3918,0
3316,0
1901,0
2780,0
998,0
2887,1
2400,0
2177,0
3066,1
3731,2
2725,0
1390,0
1064,0
3129,0
2891,0
728,0
2906,0
954,0
614,0
2588,0
3863,0
1867,0
3912,0
3161,0
3928,0
1593,0
1861,0
1233,0
1399,0
1950,0
2456,1
2154,0
1949,0
1802,0
3176,0
2740,0
3426,0
687,0
3755,0
1293,2
1455,0
3823,0
1362,0
2057,0
1045,0
1387,0
3154,0
1888,0
677,0
2955,0
2428,0
2872,0
3678,0
2380,0
1414,0
1115,0
2245,0
1300,0
108,0
1833,0
2069,0
608,0
480,0
969,0
300,0
896,2
158,0
715,1
1360,0
250,0
1530,0
2207,0
848,0
3290,0
2421,0
771,0
1083,0
440,0
2506,0
2897,0
3910,0
2489,0
454,0
3913,0
3691,1
1763,0
1332,0
1558,0
3671,2
3888,0
2939,1
406,0
1609,0
814,0
3548,0
3312,1
1191,0
2000,0
1999,0
1649,0
3922,0
1742,0
3502,0
2756,0
2949,0
303,0
195,0
1875,0
619,0
3333,0
2383,0
1059,0
3069,0
1735,0
3462,0
1391,0
1733,0
359,0
1744,0
2690,1
2892,0
3624,0
1541,0
109,0
3063,0
433,0
1973,0
3310,0
2240,0
2825,0
2590,0
2714,0
2206,0
2843,0
3348,1
1697,0
2039,0
373,0
680,0
3163,0
1714,0
2459,0
832,0
434,0
141,0
2807,0
287,0
1220,0
2229,0
3191,0
3594,0
634,0
259,0
2224,0
1105,0
3800,0
1123,2
947,0
3948,0
1612,0
3315,0
365,0
304,0
1375,0
2611,0
2475,0
1825,0
1712,0
2280,0
2001,0
72,0
3471,0
1404,0
1854,1
3871,0
1911,1
675,0
921,2
464,0
2608,0
3778,0
3516,0
3891,0
1008,0
1124,0
2183,0
3165,0
1965,0
1708,0
995,0
3199,0
3694,0
2564,2
2612,2
2730,0
2439,0
3000,0
466,0
318,0
2357,0
1560,0
1050,0
2321,0
262,0
2848,0
2184,0
3097,0
2874,0
438,0
2405,2
3588,0
3809,0
3193,2
572,2
127,0
3197,0
911,0
78,0
2305,0
2546,0
336,0
3754,0
3621,0
1707,0
2870,0
1322,0
91,2
3612,0
584,0
3338,2
3248,0
992,0
3364,0
1395,0
3529,0
197,0
1772,0
808,0
264,0
1113,2
1958,0
3282,0
2711,0
3011,0
3410,1
3710,0
2658,0
3831,0
999,0
176,0
186,0
1374,0
3661,0
1790,0
230,0
3596,0
3932,0
494,1
1620,0
1082,0
3542,0
787,0
3617,0
3593,2
1596,0
2766,0
2053,0
2311,0
1824,0
1846,0
2336,0
2858,0
2809,0
3679,0
684,0
1627,0
2610,0
3787,0
3335,0
1134,1
1100,0
884,0
3241,0
3634,0
2043,0
2162,0
1955,1
1907,0
3137,1
2956,0
3769,0
2232,0
184,0
313,0
2533,0
3358,0
3103,0
3639,0
1047,0
479,0
1893,2
1032,0
1754,0
2171,2
3263,0
2868,0
346,0
533,0
3810,1
3925,0
1053,0
2765,0
1755,0
1814,0
3721,0
1737,0
773,0
829,0
2196,0
664,0
1732,0
3677,0
2300,0
1413,0
3414,0
2584,0
1851,0
3421,0
3673,0
991,0
2190,0
1768,0
2073,2
1058,0
1532,2
842,0
2545,0
261,0
3037,0
2135,0
2801,0
641,0
872,0
283,0
2797,0
164,0
2259,0
2666,0
2921,0
1106,0
1084,0
949,0
1334,0
3572,0
3602,0
2142,0
2292,0
1394,0
1991,0
253,0
2641,0
137,0
697,0
1023,0
147,0
709,2
1207,0
3003,0
3836,1
862,0
319,0
2032,0
61,0
366,0
1423,0
2080,0
1454,0
1181,0
105,2
2614,0
1245,0
3357,0
3493,2
1262,0
2820,0
1731,0
3007,0
1961,0
1480,0
1222,0
1500,0
2990,0
930,0
591,0
481,0
3449,0
99,1
821,0
2673,1
2403,0
3385,0
3869,1
1131,0
3789,2
279,2
1310,1
2755,2
217,0
2037,0
2777,0
2826,0
1367,0
1011,0
307,0
2800,0
2654,0
2554,0
3112,0
890,0
2167,0
2552,0
3034,0
1663,0
3101,0
1316,0
1305,0
2397,0
3028,0
510,0
3489,0
1159,0
866,0
3744,2
946,0
2101,0
1889,0
2105,2
3396,0
760,1
2683,0
2451,0
3723,0
515,2
3647,0
1276,0
1517,0
3654,0
2365,0
3478,0
701,0
74,0
2829,0
1295,0
3623,0
1079,0
786,0
2770,0
2640,0
1774,0
2464,0
315,0
3784,0
2028,0
3255,0
121,0
1004,0
2970,0
2152,1
2033,0
1012,2
650,0
586,1
439,2
1450,0
286,0
1179,0
3235,2
864,1
2151,0
2560,1
747,0
611,0
3233,0
2903,0
3295,1
3234,0
594,2
1426,1
3828,0
67,0
759,0
2373,0
2895,2
3094,0
1109,1
444,0
187,0
3706,0
3402,0
2525,0
98,0
3734,0
502,0
630,0
2343,0
3371,0
1789,0
2303,0
1257,0
1231,0
898,0
3880,2
101,0
1906,0
3812,0
2022,0
3935,0
1865,0
2408,0
3720,0
3546,0
3578,1
1356,0
1372,0
1743,0
2615,0
2875,0
3247,0
409,0
2530,2
3927,0
1060,0
375,0
810,0
1466,0
1306,0
3543,0
3374,0
312,0
654,0
2252,0
2555,0
1734,0
1764,1
3750,0
248,0
3406,0
2520,0
752,2
915,0
2378,0
2271,0
2566,0
738,0
1119,0
2230,0
2216,0
710,0
1787,0
1535,0
3626,0
268,2
140,0
2601,0
1941,0
2609,0
1476,0
2094,0
2573,0
2021,0
774,0
1887,0
172,0
3622,2
1984,0
2045,0
3200,0
1953,0
1013,0
281,0
2328,0
2948,0
3376,0
110,0
1646,0
3497,0
2561,0
2591,2
3303,0
3328,0
3729,0
347,0
963,1
3937,0
1240,0
3730,0
2710,0
639,0
1266,0
2231,0
219,1
3127,0
770,0
3087,0
708,0
3881,0
916,0
789,0
900,0
1288,0
2603,0
3531,1
702,0
3824,0
3418,0
2538,2
847,0
2205,0
1489,0
656,0
565,0
1979,0
1606,1
2291,0
3625,0
2185,0
3116,0
1844,0
3709,0
2058,0
1216,2
3216,0
549,2
345,0
3615,0
2479,0
64,0
474,0
2924,0
3859,0
192,0
239,0
3847,0
2370,0
2223,0
2593,0
2423,0
2178,0
3157,0
429,0
3833,2
1298,0
2038,0
2180,0
1307,0
825,0
383,0
2406,0
692,0
473,0
1741,0
1020,1
2493,2
806,0
2864,0
2166,0
1835,0
1594,0
3253,0
2082,0
1766,0
574,0
2729,0
706,0
1619,0
174,1
1341,0
2810,0
3541,0
1376,0
2531,0
1776,0
3530,0
188,0
1237,0
3791,0
1601,0
2879,0
3025,2
222,0
1542,1
1338,0
1847,1
3228,0
1501,0
1556,0
2831,0
2410,1
3884,0
1076,0
3390,0
3033,0
3160,0
411,0
2164,0
403,0
508,2
3597,0
1087,2
3939,0
3899,0
1769,0
1472,0
666,0
2664,0
391,0
2329,0
1820,0
2087,0
511,0
2006,0
486,0
3277,0
883,0
3698,0
858,0
3758,0
2762,1
3373,0
1688,0
3855,0
3355,0
2344,0
3442,0
1485,0
2104,0
733,2
2113,0
1857,0
2284,0
2532,0
3050,0
2394,2
1427,0
324,0
3409,0
2465,0
453,0
1781,1
2097,2
2275,0
2375,0
1548,0
2694,0
83,0
2274,0
2995,0
2100,0
3036,1
618,1
2605,0
2090,0
1400,0
3379,0
1778,2
2457,0
2606,0
2463,0
3250,0
813,0
686,0
1022,0
2902,0
1916,0
3258,0
717,0
2808,1
2108,0
1337,2
3195,0
1608,0
2485,0
2416,0
3775,0
1010,0
289,0
3093,2
1192,0
1251,0
2613,0
1249,0
3237,0
2830,0
1180,2
2680,0
1289,0
3293,0
3613,0
1461,1
1810,0
1028,0
2331,0
2976,2
1807,0
69,0
1506,0
732,0
2351,0
3748,0
218,0
1161,0
1152,0
2208,0
3042,0
1369,0
1460,0
877,1
815,0
3736,0
1621,0
2407,0
2804,0
3411,0
328,0
3035,0
3012,0
1041,0
2927,0
136,0
2429,0
3717,0
834,0
3452,0
3632,0
3427,0
958,0
1856,0
2849,0
1760,0
3467,2
3363,1
298,0
3886,0
1488,0
2768,0
2490,0
182,0
2999,0
221,0
2127,0
3611,0
3121,0
1514,0
534,1
2016,0
420,0
2165,1
2018,0
2417,0
2441,0
2938,0
676,0
1720,2
3545,0
436,0
495,0
1935,0
2513,0
2917,0
3343,0
270,0
3951,0
2225,0
1487,1
3435,0
3107,0
1748,0
